{"data_real_mean": -0.0009210099340030451, "data_real_std": 1.13180388934012, "data_imag_mean": 0.0003412910516697703, "data_imag_std": 1.1319887361381222}