{
  "width": 256,
  "depth": 3,
  "activation": "tanh",
  "lr": 0.004829288776927212,
  "fw": 0.000933925837314129
}